<?xml version="1.0" encoding="UTF-8"?>
<beans xmlns="http://www.springframework.org/schema/beans"
	xmlns:xsi="http://www.w3.org/2001/XMLSchema-instance" xmlns:p="http://www.springframework.org/schema/p"
	xmlns:context="http://www.springframework.org/schema/context"
	xmlns:mvc="http://www.springframework.org/schema/mvc" xmlns:task="http://www.springframework.org/schema/task"
	xmlns:util="http://www.springframework.org/schema/util"
	xsi:schemaLocation="
    http://www.springframework.org/schema/beans http://www.springframework.org/schema/beans/spring-beans.xsd
    http://www.springframework.org/schema/context http://www.springframework.org/schema/context/spring-context.xsd
    http://www.springframework.org/schema/task http://www.springframework.org/schema/task/spring-task.xsd
    http://www.springframework.org/schema/mvc http://www.springframework.org/schema/mvc/spring-mvc.xsd
	http://www.springframework.org/schema/util http://www.springframework.org/schema/util/spring-util.xsd
    ">

	<context:annotation-config />

	<mvc:annotation-driven />

	<mvc:resources mapping="/resources/**" location="/resources/" />

	<context:component-scan base-package="com.lottoland" />

	<bean
		class="org.springframework.web.servlet.view.InternalResourceViewResolver">
		<property name="prefix" value="/WEB-INF/views/" />
		<property name="suffix" value=".jsp" />
	</bean>
	<bean id="gameManager" class="com.lottoland.game.bsl.GameManagerImpl">
		<property name="game" ref="game" />
	</bean>
	<bean id="game" class="com.lottoland.game.objects.Game" />

</beans>
